id,country,first_name,last_name,email
1,Tanzania,Val,Spykins,vspykins0@epa.gov
2,Guatemala,Adelice,Skally,askally1@yelp.com
3,Czech Republic,Leonie,Turfrey,lturfrey2@canalblog.com
4,Uruguay,Flossi,Wiffield,fwiffield3@yelp.com
5,Mexico,Chrisse,Golland,cgolland4@ibm.com
6,Croatia,Marget,Skill,mskill5@biblegateway.com
7,Portugal,Wat,Bullene,wbullene6@craigslist.org
8,Philippines,Hoyt,Levensky,hlevensky7@weebly.com
9,Thailand,Lavina,Pavy,lpavy8@etsy.com
10,Poland,Lynn,Everingham,leveringham9@privacy.gov.au
11,Russia,Rayna,Cochern,rcocherna@naver.com
12,China,Guido,Hiscoke,ghiscokeb@wikia.com
13,China,Granthem,Maceur,gmaceurc@vk.com
14,Morocco,Ozzy,Meininger,omeiningerd@bbc.co.uk
15,Poland,Jessie,Drummer,jdrummere@blinklist.com
16,Finland,Rosaline,Owtram,rowtramf@alexa.com
17,Russia,Garvy,Knight,gknightg@ustream.tv
18,Kenya,Jake,Burnsell,jburnsellh@google.co.jp
19,China,Selestina,Sweedy,ssweedyi@wikimedia.org
20,Indonesia,Rourke,Rilings,rrilingsj@google.ru
21,Indonesia,Haslett,Brazur,hbrazurk@sitemeter.com
22,Argentina,Gilbertine,Batterson,gbattersonl@wikia.com
23,Micronesia,Carly,Crop,ccropm@google.com.au
24,China,Ivette,Arzu,iarzun@artisteer.com
25,Peru,Blithe,Rodnight,brodnighto@yahoo.co.jp
26,Brazil,Karlotte,Kayser,kkayserp@nih.gov
27,Indonesia,Isaiah,Latus,ilatusq@nymag.com
28,Sweden,Barclay,Porson,bporsonr@bbb.org
29,China,Orel,Spittal,ospittals@yale.edu
30,Portugal,Marty,Hinemoor,mhinemoort@hud.gov
31,Indonesia,Renard,Merit,rmeritu@shareasale.com
32,Canada,Eydie,Raynham,eraynhamv@wikipedia.org
33,Poland,Margy,Do Rosario,mdorosariow@yahoo.com
34,United Arab Emirates,Marielle,Tremethack,mtremethackx@ted.com
35,Armenia,Devin,Egdal,degdaly@phpbb.com
36,Indonesia,Candi,Belt,cbeltz@hud.gov
37,South Sudan,Murdock,Wallsworth,mwallsworth10@51.la
38,France,Clarice,McMennum,cmcmennum11@narod.ru
39,China,Eadmund,Paylor,epaylor12@spotify.com
40,Colombia,Merle,Erratt,merratt13@issuu.com
41,Indonesia,Korney,Baum,kbaum14@google.fr
42,Poland,Georgia,Milthorpe,gmilthorpe15@bizjournals.com
43,Montenegro,Elicia,Sacchetti,esacchetti16@weather.com
44,Indonesia,Stanislas,Grayley,sgrayley17@ow.ly
45,China,Marlene,Perche,mperche18@drupal.org
46,Poland,Gris,Waistall,gwaistall19@unblog.fr
47,Indonesia,Lucy,McQuin,lmcquin1a@taobao.com
48,Indonesia,Reiko,Birdsey,rbirdsey1b@reuters.com
49,Argentina,Louisette,Bambrick,lbambrick1c@networksolutions.com
50,Netherlands,Alanna,Capey,acapey1d@dropbox.com
51,Philippines,Gabbie,Paladini,gpaladini1e@boston.com
52,Georgia,Linc,Orrett,lorrett1f@time.com
53,Brazil,Wilek,Lisle,wlisle1g@etsy.com
54,China,Ara,Labuschagne,alabuschagne1h@hugedomains.com
55,Belarus,Casie,Barmby,cbarmby1i@bloglovin.com
56,China,Kari,Rosenbloom,krosenbloom1j@simplemachines.org
57,Madagascar,Nichole,Gaitskill,ngaitskill1k@cnn.com
58,Norfolk Island,Deerdre,Brastead,dbrastead1l@yellowpages.com
59,China,Eloisa,Fraczek,efraczek1m@issuu.com
60,Finland,Weylin,Davage,wdavage1n@bluehost.com
61,Ireland,Licha,Bussen,lbussen1o@symantec.com
62,Brazil,Rozamond,Aisbett,raisbett1p@biglobe.ne.jp
63,Ukraine,Tiff,Burnie,tburnie1q@harvard.edu
64,China,Findley,Brane,fbrane1r@cnn.com
65,Argentina,Drusy,Kenafaque,dkenafaque1s@geocities.com
66,Portugal,Philippine,Nelligan,pnelligan1t@ovh.net
67,Philippines,Grady,Bindon,gbindon1u@earthlink.net
68,Peru,Taryn,Marquiss,tmarquiss1v@dyndns.org
69,Serbia,Frazier,Buckner,fbuckner1w@sina.com.cn
70,Palestinian Territory,Tabbitha,Sandeford,tsandeford1x@gmpg.org
71,Japan,Ole,Ashmore,oashmore1y@delicious.com
72,Ghana,Hilda,Haldene,hhaldene1z@last.fm
73,Indonesia,Elliott,Lisle,elisle20@dion.ne.jp
74,Indonesia,Austin,Truett,atruett21@apache.org
75,China,Gaultiero,Skelding,gskelding22@aboutads.info
76,United States,Evania,MacCaughey,emaccaughey23@vinaora.com
77,Russia,Ashla,Eckly,aeckly24@chronoengine.com
78,Japan,Sheilakathryn,Bradburn,sbradburn25@parallels.com
79,Tajikistan,Leela,Villaron,lvillaron26@csmonitor.com
80,Macedonia,Toinette,Figg,tfigg27@moonfruit.com
81,Venezuela,Englebert,Limon,elimon28@msn.com
82,Belgium,Leandra,Mateja,lmateja29@narod.ru
83,China,Adam,Sudell,asudell2a@scribd.com
84,Moldova,Ira,Thickens,ithickens2b@cpanel.net
85,China,Kienan,Poulton,kpoulton2c@webnode.com
86,Canada,Ralph,O'Loughane,roloughane2d@ucoz.com
87,Poland,Onfroi,Peach,opeach2e@irs.gov
88,Sweden,Edeline,Broun,ebroun2f@marriott.com
89,Ireland,Reggi,Powe,rpowe2g@indiatimes.com
90,China,Nero,Hedon,nhedon2h@webnode.com
91,China,Miran,Stove,mstove2i@tinypic.com
92,Peru,Cindra,Meachem,cmeachem2j@oakley.com
93,Poland,Dominick,Pollastro,dpollastro2k@java.com
94,China,Marina,Dinsale,mdinsale2l@adobe.com
95,Trinidad and Tobago,Dyane,Siemianowicz,dsiemianowicz2m@home.pl
96,China,Hannie,Swinbourne,hswinbourne2n@a8.net
97,Norway,Gerome,Anshell,ganshell2o@dropbox.com
98,Japan,Nichols,M'Quharg,nmquharg2p@bloglovin.com
99,China,Elita,Ducaen,educaen2q@bigcartel.com
100,Poland,Zola,Bernardotte,zbernardotte2r@github.io
